{"learning_rate": 0.0007999242040920324, "weight_decay": 8.769508159377066e-05, "num_train_epochs": 25, "dropout_rate": 0.33706680753317264}
