{"learning_rate": 0.0006153991748012651, "weight_decay": 0.008811319633860525, "num_train_epochs": 50, "per_device_train_batch_size": 64, "per_device_eval_batch_size": 16, "input_seq_length": 256, "output_seq_length": 14, "dropout_rate": 0.07959686668904675}
